[
  {
    "Code": "Helado de Chocolate",
    "Product": "A1",
    "Price": 13.0,
    "Cant": 20
  },
  {
    "Code": "Helado de Fresa",
    "Product": "B2",
    "Price": 15.0,
    "Cant": 40
  },
  {
    "Code": "Helado de Vainilla",
    "Product": "C3",
    "Price": 15.0,
    "Cant": 60
  },
  {
    "Code": "Helado de Limon",
    "Product": "D4",
    "Price": 20.0,
    "Cant": 20
  },
  {
    "Code": "Helado de Oreo",
    "Product": "E5",
    "Price": 25.0,
    "Cant": 30
  },
  {
    "Code": "Helado de Coco",
    "Product": "F6",
    "Price": 20.0,
    "Cant": 50
  },
  {
    "Code": "Helado de Mango",
    "Product": "G7",
    "Price": 20.0,
    "Cant": 10
  },
  {
    "Code": "Helado de CheeseCake",
    "Product": "H8",
    "Price": 25.0,
    "Cant": 15
  },
  {
    "Code": "Helado de Almendra",
    "Product": "I9",
    "Price": 20.0,
    "Cant": 42
  },
  {
    "Code": "Helado de Maracuya",
    "Product": "J10",
    "Price": 15.0,
    "Cant": 100
  },
  {
    "Code": "Helado de Cereza",
    "Product": "K11",
    "Price": 20.0,
    "Cant": 50
  },
  {
    "Code": "Helado de Cafe",
    "Product": "L12",
    "Price": 20.0,
    "Cant": 90
  }
]