[
  {
    "Producto": "Helado de Coco",
    "Pago": "15"
  },
  {
    "Producto": "Helado de Chocolate",
    "Pago": "10"
  },
  {
    "Producto": "Helado de CheeseCake",
    "Pago": "25"
  },
  {
    "Producto": "Helado de Oreo",
    "Pago": "25"
  },
  {
    "Producto": "Helado de Cafe",
    "Pago": "20"
  },
  {
    "Producto": "Helado de CheeseCake",
    "Pago": "25"
  },
  {
    "Producto": "Helado de Fresa",
    "Pago": "15"
  },
  {
    "Producto": "Helado de Fresa",
    "Pago": "15"
  },
  {
    "Producto": "Helado de Fresa",
    "Pago": "15"
  },
  {
    "Producto": "Helado de Fresa",
    "Pago": "15"
  },
  {
    "Producto": "Helado de Fresa",
    "Pago": "15"
  },
  {
    "Producto": "Helado de Oreo",
    "Pago": "25"
  },
  {
    "Producto": "Helado de Vainilla",
    "Pago": "15"
  },
  {
    "Producto": "Helado de Mango",
    "Pago": "20"
  }
]